[
  {
    "name": "Google",
    "url": "https://www.google.com",
    "icon": "https://favicons.githubusercontent.com/www.google.com",
    "slug": "google",
    "status": "up",
    "uptime": "100.00%",
    "uptimeDay": "100.00%",
    "uptimeWeek": "100.00%",
    "uptimeMonth": "100.00%",
    "uptimeYear": "100.00%",
    "time": 87,
    "timeDay": 428,
    "timeWeek": 131,
    "timeMonth": 94,
    "timeYear": 87,
    "dailyMinutesDown": {}
  },
  {
    "name": "Wikipedia",
    "url": "https://en.wikipedia.org",
    "icon": "https://favicons.githubusercontent.com/en.wikipedia.org",
    "slug": "wikipedia",
    "status": "up",
    "uptime": "100.00%",
    "uptimeDay": "100.00%",
    "uptimeWeek": "100.00%",
    "uptimeMonth": "100.00%",
    "uptimeYear": "100.00%",
    "time": 135,
    "timeDay": 285,
    "timeWeek": 154,
    "timeMonth": 162,
    "timeYear": 135,
    "dailyMinutesDown": {}
  },
  {
    "name": "Hacker News",
    "url": "https://news.ycombinator.com",
    "icon": "https://favicons.githubusercontent.com/news.ycombinator.com",
    "slug": "hacker-news",
    "status": "up",
    "uptime": "99.94%",
    "uptimeDay": "100.00%",
    "uptimeWeek": "100.00%",
    "uptimeMonth": "99.91%",
    "uptimeYear": "99.94%",
    "time": 383,
    "timeDay": 663,
    "timeWeek": 371,
    "timeMonth": 373,
    "timeYear": 383,
    "dailyMinutesDown": {
      "2021-04-28": 38,
      "2021-03-15": 199
    }
  },
  {
    "name": "Test Broken Site",
    "url": "https://thissitedoesnotexist.koj.co",
    "icon": "https://favicons.githubusercontent.com/thissitedoesnotexist.koj.co",
    "slug": "test-broken-site",
    "status": "down",
    "uptime": "0.03%",
    "uptimeDay": "0.00%",
    "uptimeWeek": "0.00%",
    "uptimeMonth": "0.03%",
    "uptimeYear": "0.03%",
    "time": 543,
    "timeDay": 0,
    "timeWeek": 0,
    "timeMonth": 543,
    "timeYear": 543,
    "dailyMinutesDown": {
      "2021-05-17": 50,
      "2021-05-16": 1440,
      "2021-05-15": 1440,
      "2021-05-14": 1440,
      "2021-05-13": 1440,
      "2021-05-12": 1440,
      "2021-05-11": 1440,
      "2021-05-10": 1440,
      "2021-05-09": 1440,
      "2021-05-08": 1440,
      "2021-05-07": 1440,
      "2021-05-06": 1440,
      "2021-05-05": 1440,
      "2021-05-04": 1440,
      "2021-05-03": 1440,
      "2021-05-02": 1440,
      "2021-05-01": 1440,
      "2021-04-30": 1440,
      "2021-04-29": 1440,
      "2021-04-28": 1440,
      "2021-04-27": 1440,
      "2021-04-26": 1440,
      "2021-04-25": 1440,
      "2021-04-24": 1440,
      "2021-04-23": 1440,
      "2021-04-22": 1440,
      "2021-04-21": 1440,
      "2021-04-20": 844
    }
  }
]